Image Index,Finding Label,Bbox [x,y,w,h]
00026261_001.png,Mass,196.266666666667,281.353489583333,237.795555555556,238.933333333333
00021926_007.png,Infiltration,323.995767195767,273.066666666667,151.703703703704,190.713227513228
00017877_001.png,Atelectasis,660.067796610169,569.78078654661,200.677966101695,78.1016949152542
0016417_008.png,Infiltration,197.214814814815,668.579894179894,254.645502645503,176.626455026455
00012834_034.png,Effusion,769.354497354497,226.471957671958,205.883597883598,357.587301587302
00009705_000.png,Cardiomegaly,338.08253968254,308.825396825397,542.88253968254,370.590476190476
00000865_006.png,Atelectasis,839.050847457627,624.036165916314,78.1016949152542,40.135593220339
00000845_000.png,Cardiomegaly,370.590476190476,367.339682539683,454.027513227513,424.77037037037